"requestTime","placementTime","approach","type","solved","latency","utilisation","waiting","execution","maxResponseTime","totalDistance","numberServers","jobId","episode"
"22:0:0:0 (H:m:s:ms)","22:0:1:0 (H:m:s:ms)","ABC","GENERIC","1","31.036","0.01445104126657887","4571","2161","6665","0.0","1","1","0"
"22:0:0:0 (H:m:s:ms)","0","ABC","TRANSLATION","0","0","0","4574","0","1434","0","0","2","0"
"22:0:0:0 (H:m:s:ms)","22:0:1:0 (H:m:s:ms)","ABC","DISABLED","1","31.076","0.030117670400200375","5164","590","5501","0.0","1","3","0"
"22:0:12:244 (H:m:s:ms)","22:0:13:0 (H:m:s:ms)","ABC","GENERIC","1","31.055","0.03335150835398439","2436","1681","6935","0.0","1","4","0"
"22:0:20:689 (H:m:s:ms)","22:0:21:0 (H:m:s:ms)","ABC","TRANSLATION","1","31.007","0.03707732828396918","1688","1378","1810","0.0","1","5","0"
"22:0:24:489 (H:m:s:ms)","22:0:25:0 (H:m:s:ms)","ABC","GENERIC","1","31.097","0.047249962391179075","1039","528","3324","0.0","1","6","0"
"22:0:36:734 (H:m:s:ms)","22:0:37:0 (H:m:s:ms)","ABC","GENERIC","1","31.031","0.06166083953071441","1057","792","6377","0.0","1","7","0"
"22:0:41:379 (H:m:s:ms)","22:0:42:0 (H:m:s:ms)","ABC","TRANSLATION","1","31.01","0.06680962571121526","1722","1102","1859","0.0","1","8","0"
"22:0:48:979 (H:m:s:ms)","22:0:50:0 (H:m:s:ms)","ABC","GENERIC","1","31.078","0.0673665523006452","2267","1245","6282","0.0","1","9","0"
"23:34:25:714 (H:m:s:ms)","23:34:26:0 (H:m:s:ms)","ABC","GENERIC","1","62.127","0.11314353359599384","1271","986","2555","0.0","1","400","0"
"23:34:28:163 (H:m:s:ms)","23:34:29:0 (H:m:s:ms)","ABC","GENERIC","1","62.047","0.12164542255289407","1329","493","4408","0.0","1","401","0"
"23:34:40:0 (H:m:s:ms)","23:34:41:0 (H:m:s:ms)","ABC","DISABLED","1","62.115","0.12511510376088683","1496","494","9881","0.0","1","402","0"
"23:34:55:102 (H:m:s:ms)","23:34:56:0 (H:m:s:ms)","ABC","GENERIC","1","62.089","0.12770550948286077","1518","621","2162","0.0","1","403","0"
"23:35:11:20 (H:m:s:ms)","23:35:12:0 (H:m:s:ms)","ABC","GENERIC","1","62.119","0.12997150091390158","1441","462","4304","0.0","1","404","0"
"23:35:14:693 (H:m:s:ms)","23:35:15:0 (H:m:s:ms)","ABC","GENERIC","1","62.107","0.13375063997442682","1338","1032","4944","0.0","1","405","0"
"23:36:33:103 (H:m:s:ms)","23:36:34:0 (H:m:s:ms)","ABC","TRANSLATION","1","62.013","0.11869745592623888","2171","1275","1270","0.0","1","406","0"
"23:37:0:0 (H:m:s:ms)","23:37:1:0 (H:m:s:ms)","ABC","GENERIC","1","62.075","0.12681796817624588","1683","680","2367","0.0","1","407","0"
"23:37:3:673 (H:m:s:ms)","23:37:4:0 (H:m:s:ms)","ABC","GENERIC","1","62.067","0.12492585741423023","1586","1259","3394","0.0","1","408","0"
"23:37:18:367 (H:m:s:ms)","23:37:19:0 (H:m:s:ms)","ABC","GENERIC","1","62.087","0.12606354025201713","1704","1072","5741","0.0","1","409","0"
"23:37:30:612 (H:m:s:ms)","23:37:31:0 (H:m:s:ms)","ABC","GENERIC","1","62.079","0.12393497252011006","750","363","3681","0.0","1","410","0"
"23:37:52:653 (H:m:s:ms)","23:37:53:0 (H:m:s:ms)","ABC","GENERIC","1","62.093","0.12098720635341337","1647","1301","6850","0.0","1","411","0"
"23:38:41:379 (H:m:s:ms)","23:38:42:0 (H:m:s:ms)","ABC","TRANSLATION","1","62.017","0.11074523789134008","1912","1292","1297","0.0","1","412","0"
"23:38:50:204 (H:m:s:ms)","23:38:51:0 (H:m:s:ms)","ABC","GENERIC","1","62.121","0.11585544974594209","1165","370","2311","0.0","1","413","0"
"23:39:0:0 (H:m:s:ms)","23:39:1:0 (H:m:s:ms)","ABC","GENERIC","1","62.069","0.1238005153631631","1299","296","5651","0.0","1","414","0"
"23:39:0:0 (H:m:s:ms)","23:39:1:0 (H:m:s:ms)","ABC","DISABLED","1","62.149","0.12894598836677484","2082","783","7682","0.0","1","415","0"
"23:39:12:244 (H:m:s:ms)","23:39:13:0 (H:m:s:ms)","ABC","GENERIC","1","62.107","0.12896077040075016","1241","486","5606","0.0","1","416","0"
"23:39:13:333 (H:m:s:ms)","23:39:14:0 (H:m:s:ms)","ABC","DISABLED","1","62.031","0.1306429164302511","1366","700","6076","0.0","1","417","0"
"23:39:20:0 (H:m:s:ms)","0","ABC","AMBULANCE","0","0","0","1002","0","947","0","0","418","0"
"23:39:26:938 (H:m:s:ms)","23:39:28:0 (H:m:s:ms)","ABC","GENERIC","1","62.077","0.12460905523664288","1410","349","4740","0.0","1","419","0"
"23:39:28:965 (H:m:s:ms)","23:39:30:0 (H:m:s:ms)","ABC","TRANSLATION","1","62.013","0.12260240482481359","1959","923","1052","0.0","1","420","0"
"23:8:43:448 (H:m:s:ms)","23:8:44:0 (H:m:s:ms)","ABC","TRANSLATION","1","62.011","0.11079029032447965","1820","1269","1874","0.0","1","300","0"
"23:39:33:333 (H:m:s:ms)","23:39:34:0 (H:m:s:ms)","ABC","DISABLED","1","62.083","0.12549591367432575","1539","873","5369","0.0","1","421","0"
"23:8:46:666 (H:m:s:ms)","23:8:47:0 (H:m:s:ms)","ABC","DISABLED","1","62.131","0.11789274560578568","701","368","8998","0.0","1","301","0"
"23:40:6:206 (H:m:s:ms)","23:40:7:0 (H:m:s:ms)","ABC","TRANSLATION","1","62.011","0.11318521070716732","2069","1276","1185","0.0","1","422","0"
"23:9:55:862 (H:m:s:ms)","23:9:56:0 (H:m:s:ms)","ABC","TRANSLATION","1","62.013","0.10320005866549378","1099","962","1820","0.0","1","302","0"
"23:40:12:413 (H:m:s:ms)","23:40:13:0 (H:m:s:ms)","ABC","TRANSLATION","1","62.015","0.11154086066192018","1709","1123","1349","0.0","1","423","0"
"23:10:0:0 (H:m:s:ms)","23:10:1:0 (H:m:s:ms)","ABC","TRANSLATION","1","62.015","0.10284704806567437","1896","894","1816","0.0","1","303","0"
"23:40:16:551 (H:m:s:ms)","23:40:17:0 (H:m:s:ms)","ABC","TRANSLATION","1","62.013","0.11308875533050443","1263","815","1692","0.0","1","424","0"
"23:10:25:714 (H:m:s:ms)","23:10:26:0 (H:m:s:ms)","ABC","GENERIC","1","62.127","0.10365173188975603","1491","1206","3971","0.0","1","304","0"
"23:40:40:408 (H:m:s:ms)","23:40:41:0 (H:m:s:ms)","ABC","GENERIC","1","62.095","0.11502978356409095","1670","1079","5855","0.0","1","425","0"
"23:10:40:408 (H:m:s:ms)","23:10:41:0 (H:m:s:ms)","ABC","GENERIC","1","62.095","0.11115695083524621","870","279","3182","0.0","1","305","0"
"23:40:43:448 (H:m:s:ms)","23:40:44:0 (H:m:s:ms)","ABC","TRANSLATION","1","62.011","0.11582651459901447","1856","1305","1450","0.0","1","426","0"
"23:10:46:666 (H:m:s:ms)","23:10:47:0 (H:m:s:ms)","ABC","AMBULANCE","1","31.059","0.10562317492389901","1640","1307","913","0.0","1","306","0"
"23:41:0:0 (H:m:s:ms)","23:41:1:0 (H:m:s:ms)","ABC","TRANSLATION","1","62.011","0.11709927803872107","2119","1116","1363","0.0","1","427","0"
"23:11:0:0 (H:m:s:ms)","23:11:1:0 (H:m:s:ms)","ABC","GENERIC","1","62.075","0.10687080446909851","2283","1282","3097","0.0","1","307","0"
"23:41:19:591 (H:m:s:ms)","23:41:20:0 (H:m:s:ms)","ABC","GENERIC","1","62.111","0.12106951630210754","1159","748","3421","0.0","1","428","0"
"23:11:0:0 (H:m:s:ms)","23:11:1:0 (H:m:s:ms)","ABC","DISABLED","1","62.149","0.11269952545378963","2734","451","7671","0.0","1","308","0"
"23:41:23:265 (H:m:s:ms)","23:41:24:0 (H:m:s:ms)","ABC","GENERIC","1","62.075","0.12479159225790351","1228","493","5320","0.0","1","429","0"
"23:11:7:346 (H:m:s:ms)","23:11:8:0 (H:m:s:ms)","ABC","GENERIC","1","62.039","0.11968865976113462","965","312","3066","0.0","1","309","0"
"23:41:46:530 (H:m:s:ms)","23:41:47:0 (H:m:s:ms)","ABC","GENERIC","1","62.127","0.1260921787986245","1236","766","7473","0.0","1","430","0"
"23:11:19:591 (H:m:s:ms)","23:11:20:0 (H:m:s:ms)","ABC","GENERIC","1","62.111","0.12262197571067382","1230","820","6500","0.0","1","310","0"
"23:41:49:655 (H:m:s:ms)","23:41:50:0 (H:m:s:ms)","ABC","TRANSLATION","1","62.013","0.12667888477193184","1193","846","1398","0.0","1","431","0"
"23:11:51:428 (H:m:s:ms)","23:11:52:0 (H:m:s:ms)","ABC","GENERIC","1","62.141","0.1152309863019663","1690","1119","5065","0.0","1","311","0"
"23:42:10:344 (H:m:s:ms)","23:42:11:0 (H:m:s:ms)","ABC","TRANSLATION","1","62.013","0.11945898414036919","1449","794","1488","0.0","1","432","0"
"23:11:55:102 (H:m:s:ms)","23:11:56:0 (H:m:s:ms)","ABC","GENERIC","1","62.089","0.12166428170381789","1258","361","2457","0.0","1","312","0"
"23:42:48:979 (H:m:s:ms)","23:42:50:0 (H:m:s:ms)","ABC","GENERIC","1","62.153","0.11603952884777351","1959","936","4994","0.0","1","433","0"
"23:12:3:673 (H:m:s:ms)","23:12:4:0 (H:m:s:ms)","ABC","GENERIC","1","62.067","0.12315293007847183","1136","810","5920","0.0","1","313","0"
"23:42:53:793 (H:m:s:ms)","23:42:54:0 (H:m:s:ms)","ABC","TRANSLATION","1","62.015","0.11496998773162874","1160","954","1002","0.0","1","434","0"
"23:12:12:244 (H:m:s:ms)","23:12:13:0 (H:m:s:ms)","ABC","GENERIC","1","62.107","0.1270731109955697","1127","372","3405","0.0","1","314","0"
"23:42:57:551 (H:m:s:ms)","23:42:58:0 (H:m:s:ms)","ABC","GENERIC","1","62.087","0.11885432492089243","1146","698","4801","0.0","1","435","0"
"23:12:14:693 (H:m:s:ms)","23:12:15:0 (H:m:s:ms)","ABC","GENERIC","1","62.107","0.12928497148229431","1068","762","4814","0.0","1","315","0"
"23:42:58:775 (H:m:s:ms)","23:42:59:0 (H:m:s:ms)","ABC","GENERIC","1","62.107","0.12184576033095554","942","718","7213","0.0","1","436","0"
"23:12:17:142 (H:m:s:ms)","23:12:18:0 (H:m:s:ms)","ABC","GENERIC","1","62.073","0.1311370920326385","1965","1108","6663","0.0","1","316","0"
"23:43:6:666 (H:m:s:ms)","23:43:7:0 (H:m:s:ms)","ABC","DISABLED","1","62.083","0.12428810351823638","692","359","9750","0.0","1","437","0"
"23:12:20:0 (H:m:s:ms)","0","ABC","AMBULANCE","0","0","0","1002","0","617","0","0","317","0"
"23:43:8:571 (H:m:s:ms)","23:43:9:0 (H:m:s:ms)","ABC","GENERIC","1","62.039","0.1274968206351549","719","289","3609","0.0","1","438","0"
"23:12:24:489 (H:m:s:ms)","23:12:25:0 (H:m:s:ms)","ABC","GENERIC","1","62.191","0.13527761220470824","1305","795","3136","0.0","1","318","0"
"23:43:29:387 (H:m:s:ms)","23:43:30:0 (H:m:s:ms)","ABC","GENERIC","1","62.127","0.12888070059109286","1271","656","3624","0.0","1","439","0"
"23:12:57:551 (H:m:s:ms)","23:12:58:0 (H:m:s:ms)","ABC","GENERIC","1","62.087","0.12568591492371686","1904","1456","6531","0.0","1","319","0"
"23:43:36:734 (H:m:s:ms)","23:43:37:0 (H:m:s:ms)","ABC","GENERIC","1","62.059","0.1294598545652585","1398","1133","7306","0.0","1","440","0"
"23:13:6:666 (H:m:s:ms)","23:13:7:0 (H:m:s:ms)","ABC","DISABLED","1","62.083","0.12931762268087554","836","503","7215","0.0","1","320","0"
"23:43:37:241 (H:m:s:ms)","23:43:38:0 (H:m:s:ms)","ABC","TRANSLATION","1","62.021","0.12987149500341247","1809","1051","1981","0.0","1","441","0"
"22:45:57:551 (H:m:s:ms)","22:45:58:0 (H:m:s:ms)","ABC","GENERIC","1","62.087","0.07734238282830837","754","306","7236","0.0","1","200","0"
"23:13:18:367 (H:m:s:ms)","23:13:19:0 (H:m:s:ms)","ABC","GENERIC","1","62.087","0.13101332732348978","1667","1035","6248","0.0","1","321","0"
"23:44:6:122 (H:m:s:ms)","23:44:7:0 (H:m:s:ms)","ABC","GENERIC","1","62.095","0.1162760393393448","1505","628","2916","0.0","1","442","0"
"22:46:20:689 (H:m:s:ms)","22:46:21:0 (H:m:s:ms)","ABC","TRANSLATION","1","62.011","0.08237532665977053","1123","813","1698","0.0","1","201","0"
"23:13:23:265 (H:m:s:ms)","23:13:24:0 (H:m:s:ms)","ABC","GENERIC","1","62.075","0.13358028194756452","1487","753","2206","0.0","1","322","0"
"23:44:17:142 (H:m:s:ms)","23:44:18:0 (H:m:s:ms)","ABC","GENERIC","1","62.073","0.11220541178640375","2241","1384","3059","0.0","1","443","0"
"22:47:0:0 (H:m:s:ms)","0","ABC","AMBULANCE","0","0","0","1004","0","573","0","0","202","0"
"23:13:33:333 (H:m:s:ms)","23:13:34:0 (H:m:s:ms)","ABC","AMBULANCE","1","62.135","0.13351983235881326","2189","1523","952","0.0","1","323","0"
"23:44:39:310 (H:m:s:ms)","23:44:40:0 (H:m:s:ms)","ABC","TRANSLATION","1","62.017","0.10460971823183898","1755","1063","1736","0.0","1","444","0"
"22:47:20:0 (H:m:s:ms)","22:47:21:0 (H:m:s:ms)","ABC","DISABLED","1","62.055","0.08808882330354131","1736","735","5558","0.0","1","203","0"
"23:13:46:530 (H:m:s:ms)","23:13:47:0 (H:m:s:ms)","ABC","GENERIC","1","62.127","0.1342576324666271","743","274","3521","0.0","1","324","0"
"23:44:47:586 (H:m:s:ms)","23:44:48:0 (H:m:s:ms)","ABC","TRANSLATION","1","62.013","0.10542298629396943","1461","1048","1648","0.0","1","445","0"
"22:47:53:793 (H:m:s:ms)","22:47:54:0 (H:m:s:ms)","ABC","TRANSLATION","1","62.015","0.08678004250851264","1379","1173","1818","0.0","1","204","0"
"23:14:6:122 (H:m:s:ms)","23:14:7:0 (H:m:s:ms)","ABC","GENERIC","1","62.095","0.13442912174376476","1133","255","3638","0.0","1","325","0"
"23:45:22:40 (H:m:s:ms)","23:45:23:0 (H:m:s:ms)","ABC","GENERIC","1","62.067","0.1040060992405817","1430","471","4825","0.0","1","446","0"
"22:48:3:673 (H:m:s:ms)","22:48:4:0 (H:m:s:ms)","ABC","GENERIC","1","62.067","0.08301593296624231","1637","1311","5346","0.0","1","205","0"
"23:15:2:68 (H:m:s:ms)","23:15:3:0 (H:m:s:ms)","ABC","TRANSLATION","1","62.013","0.1329059206832696","2161","1230","1339","0.0","1","326","0"
"23:45:35:510 (H:m:s:ms)","23:45:36:0 (H:m:s:ms)","ABC","GENERIC","1","62.041","0.1075583888983944","1160","671","5165","0.0","1","447","0"
"22:48:14:482 (H:m:s:ms)","22:48:15:0 (H:m:s:ms)","ABC","TRANSLATION","1","62.013","0.08028420280769381","1331","814","1303","0.0","1","206","0"
"23:15:13:333 (H:m:s:ms)","23:15:14:0 (H:m:s:ms)","ABC","DISABLED","1","62.031","0.13453614901745067","1382","716","9920","0.0","1","327","0"
"23:46:15:918 (H:m:s:ms)","23:46:17:0 (H:m:s:ms)","ABC","GENERIC","1","62.085","0.10822443829287565","1809","728","7589","0.0","1","448","0"
"22:48:23:265 (H:m:s:ms)","22:48:24:0 (H:m:s:ms)","ABC","GENERIC","1","62.075","0.084421739177829","1225","491","2480","0.0","1","207","0"
"23:15:16:551 (H:m:s:ms)","23:15:17:0 (H:m:s:ms)","ABC","TRANSLATION","1","62.013","0.13563872133160795","1152","704","1441","0.0","1","328","0"
"23:46:39:183 (H:m:s:ms)","23:46:40:0 (H:m:s:ms)","ABC","GENERIC","1","62.045","0.10113538594325597","1561","742","7910","0.0","1","449","0"
"22:48:24:827 (H:m:s:ms)","22:48:25:0 (H:m:s:ms)","ABC","TRANSLATION","1","62.013","0.08849965923478795","967","794","1609","0.0","1","208","0"
"23:15:36:734 (H:m:s:ms)","23:15:37:0 (H:m:s:ms)","ABC","GENERIC","1","62.059","0.13909810166480047","553","288","2410","0.0","1","329","0"
"22:48:46:666 (H:m:s:ms)","22:48:47:0 (H:m:s:ms)","ABC","DISABLED","1","62.131","0.09275929529750661","1228","895","5709","0.0","1","209","0"
"23:46:46:666 (H:m:s:ms)","23:46:47:0 (H:m:s:ms)","ABC","DISABLED","1","62.131","0.10904148845729482","695","362","6384","0.0","1","450","0"
"23:15:47:586 (H:m:s:ms)","23:15:48:0 (H:m:s:ms)","ABC","TRANSLATION","1","62.013","0.1335761411070273","1175","762","1666","0.0","1","330","0"
"23:46:47:755 (H:m:s:ms)","23:46:48:0 (H:m:s:ms)","ABC","GENERIC","1","62.033","0.10771114701931142","1603","1359","7348","0.0","1","451","0"
"22:49:37:241 (H:m:s:ms)","22:49:38:0 (H:m:s:ms)","ABC","TRANSLATION","1","62.021","0.08338241485160583","1755","997","1842","0.0","1","210","0"
"23:15:49:655 (H:m:s:ms)","23:15:50:0 (H:m:s:ms)","ABC","TRANSLATION","1","62.013","0.13382391387369816","1590","1244","1548","0.0","1","331","0"
"23:46:55:862 (H:m:s:ms)","23:46:56:0 (H:m:s:ms)","ABC","TRANSLATION","1","62.013","0.10722725243933436","1322","1185","1105","0.0","1","452","0"
"22:49:37:959 (H:m:s:ms)","22:49:39:0 (H:m:s:ms)","ABC","GENERIC","1","62.039","0.08668631907452497","2513","476","5467","0.0","1","211","0"
"23:15:56:326 (H:m:s:ms)","23:15:57:0 (H:m:s:ms)","ABC","GENERIC","1","62.057","0.1377049976685727","1009","336","5284","0.0","1","332","0"
"23:47:26:666 (H:m:s:ms)","23:47:27:0 (H:m:s:ms)","ABC","DISABLED","1","62.049","0.10779236491415137","1109","776","7553","0.0","1","453","0"
"22:50:0:0 (H:m:s:ms)","22:50:1:0 (H:m:s:ms)","ABC","GENERIC","1","62.075","0.08081727739245374","2384","1381","2769","0.0","1","212","0"
"23:16:0:0 (H:m:s:ms)","0","ABC","AMBULANCE","0","0","0","1002","0","717","0","0","333","0"
"23:47:31:836 (H:m:s:ms)","23:47:32:0 (H:m:s:ms)","ABC","GENERIC","1","62.039","0.11059785295243953","930","767","6150","0.0","1","454","0"
"22:50:6:122 (H:m:s:ms)","22:50:7:0 (H:m:s:ms)","ABC","GENERIC","1","62.095","0.08671032226437494","1239","362","7641","0.0","1","213","0"
"23:16:9:795 (H:m:s:ms)","23:16:10:0 (H:m:s:ms)","ABC","GENERIC","1","62.085","0.1312741125621931","904","699","5347","0.0","1","334","0"
"23:48:9:795 (H:m:s:ms)","23:48:10:0 (H:m:s:ms)","ABC","GENERIC","1","62.085","0.09376190222756937","1449","1242","3454","0.0","1","455","0"
"22:50:8:571 (H:m:s:ms)","22:50:9:0 (H:m:s:ms)","ABC","GENERIC","1","62.039","0.08764202951101467","1672","1244","4212","0.0","1","214","0"
"23:16:31:836 (H:m:s:ms)","23:16:32:0 (H:m:s:ms)","ABC","GENERIC","1","62.039","0.12780111006989767","1156","993","7021","0.0","1","335","0"
"23:48:20:816 (H:m:s:ms)","23:48:21:0 (H:m:s:ms)","ABC","GENERIC","1","62.077","0.09862489320410635","1078","895","2137","0.0","1","456","0"
"22:50:33:103 (H:m:s:ms)","22:50:34:0 (H:m:s:ms)","ABC","TRANSLATION","1","62.013","0.08835142445960392","2142","1245","1097","0.0","1","215","0"
"23:16:35:510 (H:m:s:ms)","23:16:36:0 (H:m:s:ms)","ABC","GENERIC","1","62.041","0.13129906753290363","1222","733","5833","0.0","1","336","0"
"23:48:33:61 (H:m:s:ms)","23:48:34:0 (H:m:s:ms)","ABC","GENERIC","1","62.119","0.09767617761762797","2156","1218","4727","0.0","1","457","0"
"22:50:40:408 (H:m:s:ms)","22:50:41:0 (H:m:s:ms)","ABC","GENERIC","1","62.095","0.09614116719826868","1298","707","3151","0.0","1","216","0"
"23:16:37:959 (H:m:s:ms)","23:16:39:0 (H:m:s:ms)","ABC","GENERIC","1","62.039","0.13206635567963773","2041","1000","4537","0.0","1","337","0"
"23:48:37:959 (H:m:s:ms)","23:48:39:0 (H:m:s:ms)","ABC","GENERIC","1","62.039","0.10119042027524554","1498","458","7123","0.0","1","458","0"
"22:50:41:379 (H:m:s:ms)","22:50:42:0 (H:m:s:ms)","ABC","TRANSLATION","1","62.017","0.0964667290058087","1847","1227","1609","0.0","1","217","0"
"23:16:50:204 (H:m:s:ms)","23:16:51:0 (H:m:s:ms)","ABC","GENERIC","1","62.121","0.13604018478047422","2163","1368","6310","0.0","1","338","0"
"23:49:2:448 (H:m:s:ms)","23:49:3:0 (H:m:s:ms)","ABC","GENERIC","1","62.061","0.1060638369180283","1342","791","3246","0.0","1","459","0"
"22:51:0:0 (H:m:s:ms)","22:51:1:0 (H:m:s:ms)","ABC","TRANSLATION","1","62.011","0.09441147302730395","1918","915","1830","0.0","1","218","0"
"23:17:33:103 (H:m:s:ms)","23:17:34:0 (H:m:s:ms)","ABC","TRANSLATION","1","62.013","0.1111916159464113","1640","744","1401","0.0","1","339","0"
"22:51:7:346 (H:m:s:ms)","22:51:8:0 (H:m:s:ms)","ABC","GENERIC","1","62.039","0.09611951823621158","1834","1181","2175","0.0","1","219","0"
"23:49:13:469 (H:m:s:ms)","23:49:14:0 (H:m:s:ms)","ABC","GENERIC","1","62.067","0.10141279842023775","2041","1511","6274","0.0","1","460","0"
"23:18:10:344 (H:m:s:ms)","23:18:11:0 (H:m:s:ms)","ABC","TRANSLATION","1","62.013","0.10989674048719958","1405","750","1914","0.0","1","340","0"
"23:49:31:34 (H:m:s:ms)","23:49:32:0 (H:m:s:ms)","ABC","TRANSLATION","1","62.015","0.10318930578030017","1839","873","1426","0.0","1","461","0"
"22:51:19:591 (H:m:s:ms)","22:51:20:0 (H:m:s:ms)","ABC","GENERIC","1","62.111","0.10067730907415522","1174","762","3453","0.0","1","220","0"
"23:18:26:938 (H:m:s:ms)","23:18:28:0 (H:m:s:ms)","ABC","GENERIC","1","62.079","0.1084085511269237","1728","667","6917","0.0","1","341","0"
"23:49:51:428 (H:m:s:ms)","23:49:52:0 (H:m:s:ms)","ABC","GENERIC","1","62.141","0.10492681839681259","1450","879","3977","0.0","1","462","0"
"22:20:18:367 (H:m:s:ms)","22:20:19:0 (H:m:s:ms)","ABC","GENERIC","1","62.087","0.07993947814273535","1161","526","7991","0.0","1","100","0"
"22:51:47:586 (H:m:s:ms)","22:51:48:0 (H:m:s:ms)","ABC","TRANSLATION","1","62.013","0.09767915280947193","1480","1067","1201","0.0","1","221","0"
"23:18:30:612 (H:m:s:ms)","23:18:31:0 (H:m:s:ms)","ABC","GENERIC","1","62.079","0.10912090992359258","1556","1169","5503","0.0","1","342","0"
"23:51:42:857 (H:m:s:ms)","23:51:43:0 (H:m:s:ms)","ABC","GENERIC","1","62.063","0.09656149673909904","514","371","7411","0.0","1","463","0"
"22:21:29:387 (H:m:s:ms)","22:21:30:0 (H:m:s:ms)","ABC","GENERIC","1","62.127","0.08138890283280308","1598","984","3191","0.0","1","101","0"
"22:51:52:653 (H:m:s:ms)","22:51:53:0 (H:m:s:ms)","ABC","GENERIC","1","62.093","0.09818013412372355","1711","1364","2444","0.0","1","222","0"
"23:18:47:755 (H:m:s:ms)","23:18:48:0 (H:m:s:ms)","ABC","GENERIC","1","62.033","0.10957452272347941","539","295","7400","0.0","1","343","0"
"23:52:4:897 (H:m:s:ms)","23:52:6:0 (H:m:s:ms)","ABC","GENERIC","1","62.131","0.0909952973914735","1911","809","6203","0.0","1","464","0"
"22:22:37:959 (H:m:s:ms)","22:22:39:0 (H:m:s:ms)","ABC","GENERIC","1","62.039","0.07368105915600537","1554","514","3899","0.0","1","102","0"
"22:51:55:862 (H:m:s:ms)","22:51:56:0 (H:m:s:ms)","ABC","TRANSLATION","1","62.013","0.09973405939881401","1203","1066","1238","0.0","1","223","0"
"23:18:52:653 (H:m:s:ms)","23:18:53:0 (H:m:s:ms)","ABC","GENERIC","1","62.093","0.11231802400011492","1079","733","3973","0.0","1","344","0"
"23:52:53:877 (H:m:s:ms)","23:52:55:0 (H:m:s:ms)","ABC","GENERIC","1","62.077","0.08757125678832899","1632","509","6689","0.0","1","465","0"
"22:23:0:0 (H:m:s:ms)","22:23:1:0 (H:m:s:ms)","ABC","GENERIC","1","62.067","0.07637506682794365","2257","1255","7446","0.0","1","103","0"
"22:52:0:0 (H:m:s:ms)","22:52:1:0 (H:m:s:ms)","ABC","DISABLED","1","62.149","0.10391023244680068","1291","286","5758","0.0","1","224","0"
"23:19:0:0 (H:m:s:ms)","23:19:1:0 (H:m:s:ms)","ABC","GENERIC","1","62.067","0.11314556888320884","2032","1030","7294","0.0","1","345","0"
"23:53:18:620 (H:m:s:ms)","23:53:19:0 (H:m:s:ms)","ABC","TRANSLATION","1","62.015","0.0871670553438111","1664","1285","1772","0.0","1","466","0"
"22:23:1:224 (H:m:s:ms)","22:23:2:0 (H:m:s:ms)","ABC","GENERIC","1","62.039","0.08127339508329033","1670","895","4969","0.0","1","104","0"
"22:52:31:836 (H:m:s:ms)","22:52:32:0 (H:m:s:ms)","ABC","GENERIC","1","62.039","0.10646081219266122","460","297","2506","0.0","1","225","0"
"23:19:12:413 (H:m:s:ms)","23:19:13:0 (H:m:s:ms)","ABC","TRANSLATION","1","62.015","0.10948608174216426","1359","773","1432","0.0","1","346","0"
"23:53:35:172 (H:m:s:ms)","23:53:36:0 (H:m:s:ms)","ABC","TRANSLATION","1","62.015","0.08316353924880472","1633","806","1678","0.0","1","467","0"
"22:23:12:244 (H:m:s:ms)","22:23:13:0 (H:m:s:ms)","ABC","GENERIC","1","62.107","0.08559011603915267","1129","374","2249","0.0","1","105","0"
"22:52:43:448 (H:m:s:ms)","22:52:44:0 (H:m:s:ms)","ABC","TRANSLATION","1","62.011","0.10718027336877055","1639","1088","1278","0.0","1","226","0"
"23:19:39:183 (H:m:s:ms)","23:19:40:0 (H:m:s:ms)","ABC","GENERIC","1","62.045","0.10975752921288194","2051","1234","3257","0.0","1","347","0"
"23:53:41:632 (H:m:s:ms)","23:53:42:0 (H:m:s:ms)","ABC","GENERIC","1","62.117","0.08120679754938938","1334","967","2715","0.0","1","468","0"
"22:24:0:0 (H:m:s:ms)","22:24:1:0 (H:m:s:ms)","ABC","GENERIC","1","62.075","0.0728365328132657","2319","1318","7641","0.0","1","106","0"
"22:52:44:81 (H:m:s:ms)","22:52:45:0 (H:m:s:ms)","ABC","GENERIC","1","62.099","0.10786312174310113","1992","1073","5572","0.0","1","227","0"
"23:20:0:0 (H:m:s:ms)","0","ABC","AMBULANCE","0","0","0","2438","0","530","0","0","348","0"
"23:53:45:306 (H:m:s:ms)","23:53:46:0 (H:m:s:ms)","ABC","GENERIC","1","62.111","0.08745019244136912","953","260","5758","0.0","1","469","0"
"22:24:0:0 (H:m:s:ms)","22:24:1:0 (H:m:s:ms)","ABC","DISABLED","1","62.149","0.0820346981258715","2592","273","7343","0.0","1","107","0"
"22:52:49:655 (H:m:s:ms)","22:52:50:0 (H:m:s:ms)","ABC","TRANSLATION","1","62.013","0.10886765322632591","1704","1357","1190","0.0","1","228","0"
"23:20:22:40 (H:m:s:ms)","23:20:23:0 (H:m:s:ms)","ABC","GENERIC","1","62.067","0.11422067567144624","1235","276","3613","0.0","1","349","0"
"22:24:2:448 (H:m:s:ms)","22:24:3:0 (H:m:s:ms)","ABC","GENERIC","1","62.061","0.0872664208111864","967","416","3639","0.0","1","108","0"
"22:52:51:428 (H:m:s:ms)","22:52:52:0 (H:m:s:ms)","ABC","GENERIC","1","62.141","0.10904237900264484","1885","1314","4672","0.0","1","229","0"
"22:24:4:137 (H:m:s:ms)","22:24:5:0 (H:m:s:ms)","ABC","TRANSLATION","1","62.013","0.08774946359002846","2233","1370","1242","0.0","1","109","0"
"23:54:0:0 (H:m:s:ms)","23:54:1:0 (H:m:s:ms)","ABC","DISABLED","1","62.041","0.09274002815109006","1806","803","5101","0.0","1","470","0"
"23:20:29:387 (H:m:s:ms)","23:20:30:0 (H:m:s:ms)","ABC","GENERIC","1","62.127","0.11695612365822446","1279","665","4184","0.0","1","350","0"
"23:54:11:20 (H:m:s:ms)","23:54:12:0 (H:m:s:ms)","ABC","GENERIC","1","62.119","0.08874163668339885","1905","925","6851","0.0","1","471","0"
"22:52:55:102 (H:m:s:ms)","22:52:56:0 (H:m:s:ms)","ABC","GENERIC","1","62.089","0.11449056889378102","1155","257","2104","0.0","1","230","0"
"23:20:37:241 (H:m:s:ms)","23:20:38:0 (H:m:s:ms)","ABC","TRANSLATION","1","62.021","0.113664852428742","1604","846","1750","0.0","1","351","0"
"23:54:44:81 (H:m:s:ms)","23:54:45:0 (H:m:s:ms)","ABC","GENERIC","1","62.099","0.08826968926236464","1752","834","3703","0.0","1","472","0"
"22:24:39:183 (H:m:s:ms)","22:24:40:0 (H:m:s:ms)","ABC","GENERIC","1","62.045","0.09125747711681755","1578","761","3095","0.0","1","110","0"
"22:53:0:0 (H:m:s:ms)","22:53:1:0 (H:m:s:ms)","ABC","GENERIC","1","62.069","0.12102162489275392","1253","250","4666","0.0","1","231","0"
"23:20:51:724 (H:m:s:ms)","23:20:52:0 (H:m:s:ms)","ABC","TRANSLATION","1","62.011","0.1140652022015309","1175","900","1214","0.0","1","352","0"
"23:56:53:333 (H:m:s:ms)","23:56:54:0 (H:m:s:ms)","ABC","DISABLED","1","62.053","0.07974504013885493","1201","535","8745","0.0","1","473","0"
"22:24:41:632 (H:m:s:ms)","22:24:42:0 (H:m:s:ms)","ABC","GENERIC","1","62.117","0.09899262888152892","664","297","4066","0.0","1","111","0"
"22:53:9:795 (H:m:s:ms)","22:53:10:0 (H:m:s:ms)","ABC","GENERIC","1","62.085","0.12115174900078418","1263","1057","3197","0.0","1","232","0"
"23:20:58:775 (H:m:s:ms)","23:20:59:0 (H:m:s:ms)","ABC","GENERIC","1","62.107","0.1136319673014247","486","262","6182","0.0","1","353","0"
"23:56:57:931 (H:m:s:ms)","23:56:59:0 (H:m:s:ms)","ABC","TRANSLATION","1","62.011","0.08015641377257432","2439","1370","1199","0.0","1","474","0"
"22:24:49:655 (H:m:s:ms)","22:24:50:0 (H:m:s:ms)","ABC","TRANSLATION","1","62.013","0.09987076898266875","1696","1351","1339","0.0","1","112","0"
"22:53:17:142 (H:m:s:ms)","22:53:18:0 (H:m:s:ms)","ABC","GENERIC","1","62.073","0.12123022373549938","1764","907","6682","0.0","1","233","0"
"23:21:0:0 (H:m:s:ms)","23:21:1:0 (H:m:s:ms)","ABC","TRANSLATION","1","62.011","0.11477411456265212","1839","837","1563","0.0","1","354","0"
"22:25:3:673 (H:m:s:ms)","22:25:4:0 (H:m:s:ms)","ABC","GENERIC","1","62.067","0.10069917834943681","1571","1245","5562","0.0","1","113","0"
"22:53:28:965 (H:m:s:ms)","22:53:30:0 (H:m:s:ms)","ABC","TRANSLATION","1","62.013","0.1174490430595729","2106","1069","1344","0.0","1","234","0"
"23:21:0:0 (H:m:s:ms)","23:21:1:0 (H:m:s:ms)","ABC","DISABLED","1","62.041","0.11702951512439187","2650","812","5513","0.0","1","355","0"
"22:25:37:241 (H:m:s:ms)","22:25:38:0 (H:m:s:ms)","ABC","TRANSLATION","1","62.021","0.09320146935386057","1976","1217","1580","0.0","1","114","0"
"22:53:35:510 (H:m:s:ms)","22:53:36:0 (H:m:s:ms)","ABC","GENERIC","1","62.041","0.12382576985763878","1218","729","4888","0.0","1","235","0"
"23:21:8:571 (H:m:s:ms)","23:21:9:0 (H:m:s:ms)","ABC","GENERIC","1","62.039","0.1200561029731443","918","490","7342","0.0","1","356","0"
"22:26:23:265 (H:m:s:ms)","22:26:24:0 (H:m:s:ms)","ABC","GENERIC","1","62.075","0.09684566539698643","1464","729","3387","0.0","1","115","0"
"22:54:12:244 (H:m:s:ms)","22:54:13:0 (H:m:s:ms)","ABC","GENERIC","1","62.107","0.12621965303870078","1032","277","7138","0.0","1","236","0"
"23:21:40:408 (H:m:s:ms)","23:21:41:0 (H:m:s:ms)","ABC","GENERIC","1","62.095","0.10934965579767578","1780","1189","7809","0.0","1","357","0"
"22:26:26:938 (H:m:s:ms)","22:26:28:0 (H:m:s:ms)","ABC","GENERIC","1","62.079","0.0992346434203579","2211","1150","3114","0.0","1","116","0"
"22:54:12:413 (H:m:s:ms)","22:54:13:0 (H:m:s:ms)","ABC","TRANSLATION","1","62.015","0.12707664305561717","2019","1156","1069","0.0","1","237","0"
"23:22:6:666 (H:m:s:ms)","23:22:7:0 (H:m:s:ms)","ABC","AMBULANCE","1","62.127","0.10874417080879935","1595","1262","990","0.0","1","358","0"
"22:26:53:793 (H:m:s:ms)","22:26:54:0 (H:m:s:ms)","ABC","TRANSLATION","1","62.015","0.09893394617554527","1075","869","1249","0.0","1","117","0"
"22:54:13:333 (H:m:s:ms)","22:54:14:0 (H:m:s:ms)","ABC","DISABLED","1","62.031","0.12949589167172176","1014","348","8712","0.0","1","238","0"
"23:22:15:918 (H:m:s:ms)","23:22:17:0 (H:m:s:ms)","ABC","GENERIC","1","62.085","0.11228365648778808","1943","860","6325","0.0","1","359","0"
"22:27:8:571 (H:m:s:ms)","22:27:9:0 (H:m:s:ms)","ABC","GENERIC","1","62.039","0.09931943657023871","1590","1162","2984","0.0","1","118","0"
"22:54:14:693 (H:m:s:ms)","22:54:15:0 (H:m:s:ms)","ABC","GENERIC","1","62.107","0.13206611450489864","665","359","5124","0.0","1","239","0"
"22:27:16:551 (H:m:s:ms)","22:27:17:0 (H:m:s:ms)","ABC","TRANSLATION","1","62.013","0.10215841734740759","1207","759","1504","0.0","1","119","0"
"22:1:1:224 (H:m:s:ms)","22:1:2:0 (H:m:s:ms)","ABC","GENERIC","1","31.021","0.07044336802837403","1704","929","6800","0.0","1","10","0"
"22:1:2:68 (H:m:s:ms)","22:1:3:0 (H:m:s:ms)","ABC","TRANSLATION","1","31.008","0.07522983534625725","1920","989","1834","0.0","1","11","0"
"22:1:6:666 (H:m:s:ms)","22:1:7:0 (H:m:s:ms)","ABC","DISABLED","1","31.043","0.08149794776429235","595","261","6942","0.0","1","12","0"
"22:1:13:469 (H:m:s:ms)","22:1:14:0 (H:m:s:ms)","ABC","GENERIC","1","31.035","0.08666972658420113","825","295","6790","0.0","1","13","0"
"22:1:22:758 (H:m:s:ms)","22:1:23:0 (H:m:s:ms)","ABC","TRANSLATION","1","31.014","0.0870712769337635","1579","1338","1449","0.0","1","14","0"
"22:1:25:714 (H:m:s:ms)","22:1:26:0 (H:m:s:ms)","ABC","GENERIC","1","31.065","0.09136606047865764","1333","1047","3317","0.0","1","15","0"
"22:1:37:959 (H:m:s:ms)","22:1:39:0 (H:m:s:ms)","ABC","GENERIC","1","31.021","0.09356150981100163","1982","942","7783","0.0","1","16","0"
"22:1:43:448 (H:m:s:ms)","22:1:44:0 (H:m:s:ms)","ABC","TRANSLATION","1","31.007","0.09449575864089821","1716","1165","1792","0.0","1","17","0"
"22:1:50:204 (H:m:s:ms)","22:1:51:0 (H:m:s:ms)","ABC","GENERIC","1","31.062","0.10134991367418937","1083","288","3558","0.0","1","18","0"
"22:2:2:448 (H:m:s:ms)","22:2:3:0 (H:m:s:ms)","ABC","GENERIC","1","31.032","0.10185161666262216","1681","1130","4736","0.0","1","19","0"
"23:22:33:61 (H:m:s:ms)","23:22:34:0 (H:m:s:ms)","ABC","GENERIC","1","62.119","0.11287098948652964","2195","1257","6952","0.0","1","360","0"
"22:54:16:551 (H:m:s:ms)","22:54:17:0 (H:m:s:ms)","ABC","TRANSLATION","1","62.013","0.13403168457807293","1211","763","1554","0.0","1","240","0"
"23:22:39:310 (H:m:s:ms)","23:22:40:0 (H:m:s:ms)","ABC","TRANSLATION","1","62.017","0.11250043077241806","1619","928","1794","0.0","1","361","0"
"22:27:40:408 (H:m:s:ms)","22:27:41:0 (H:m:s:ms)","ABC","GENERIC","1","62.095","0.09727137064360661","2058","1467","5700","0.0","1","120","0"
"22:54:22:40 (H:m:s:ms)","22:54:23:0 (H:m:s:ms)","ABC","GENERIC","1","62.067","0.13471406268587954","1974","1015","2874","0.0","1","241","0"
"23:24:31:34 (H:m:s:ms)","23:24:32:0 (H:m:s:ms)","ABC","TRANSLATION","1","62.015","0.08811061325964249","2316","1351","1631","0.0","1","362","0"
"22:27:44:81 (H:m:s:ms)","22:27:45:0 (H:m:s:ms)","ABC","GENERIC","1","62.099","0.09736745635321838","2362","1444","3326","0.0","1","121","0"
"22:54:58:775 (H:m:s:ms)","22:54:59:0 (H:m:s:ms)","ABC","GENERIC","1","62.107","0.13426036863138974","1045","821","4544","0.0","1","242","0"
"23:24:33:333 (H:m:s:ms)","23:24:34:0 (H:m:s:ms)","ABC","DISABLED","1","62.083","0.0955880199762876","1034","368","6903","0.0","1","363","0"
"22:27:52:653 (H:m:s:ms)","22:27:53:0 (H:m:s:ms)","ABC","GENERIC","1","62.093","0.10032612457956358","1056","710","5626","0.0","1","122","0"
"22:55:0:0 (H:m:s:ms)","22:55:1:0 (H:m:s:ms)","ABC","DISABLED","1","62.039","0.13588105571761552","2004","1001","5721","0.0","1","243","0"
"23:24:40:0 (H:m:s:ms)","0","ABC","AMBULANCE","0","0","0","1002","0","964","0","0","364","0"
"22:28:6:122 (H:m:s:ms)","22:28:7:0 (H:m:s:ms)","ABC","GENERIC","1","62.093","0.10324770458438506","1127","250","4459","0.0","1","123","0"
"22:55:6:666 (H:m:s:ms)","22:55:7:0 (H:m:s:ms)","ABC","DISABLED","1","62.083","0.14111092506349202","1350","1017","8838","0.0","1","244","0"
"23:24:46:666 (H:m:s:ms)","23:24:47:0 (H:m:s:ms)","ABC","DISABLED","1","62.131","0.10225024929239525","827","494","8673","0.0","1","365","0"
"22:28:7:346 (H:m:s:ms)","22:28:8:0 (H:m:s:ms)","ABC","GENERIC","1","62.039","0.10469714081002382","1469","816","3347","0.0","1","124","0"
"22:55:10:344 (H:m:s:ms)","22:55:11:0 (H:m:s:ms)","ABC","TRANSLATION","1","62.013","0.13801768224232622","1969","1314","1976","0.0","1","245","0"
"23:25:14:482 (H:m:s:ms)","23:25:15:0 (H:m:s:ms)","ABC","TRANSLATION","1","62.013","0.10292406874776898","1466","949","1347","0.0","1","366","0"
"22:28:22:758 (H:m:s:ms)","22:28:23:0 (H:m:s:ms)","ABC","TRANSLATION","1","62.025","0.10297543925964174","1106","865","1447","0.0","1","125","0"
"22:55:30:612 (H:m:s:ms)","22:55:31:0 (H:m:s:ms)","ABC","GENERIC","1","62.079","0.14180226442764116","858","471","6342","0.0","1","246","0"
"23:26:26:896 (H:m:s:ms)","23:26:28:0 (H:m:s:ms)","ABC","TRANSLATION","1","62.013","0.06991402996221018","1953","849","1544","0.0","1","367","0"
"22:28:24:827 (H:m:s:ms)","22:28:25:0 (H:m:s:ms)","ABC","TRANSLATION","1","62.013","0.10331350426749523","1532","1360","1790","0.0","1","126","0"
"22:55:47:755 (H:m:s:ms)","22:55:48:0 (H:m:s:ms)","ABC","GENERIC","1","62.033","0.1360344367900214","1380","1136","5986","0.0","1","247","0"
"23:26:35:510 (H:m:s:ms)","23:26:36:0 (H:m:s:ms)","ABC","GENERIC","1","62.041","0.07114324384817981","1441","952","6345","0.0","1","368","0"
"22:28:31:836 (H:m:s:ms)","22:28:32:0 (H:m:s:ms)","ABC","GENERIC","1","62.039","0.11120646558521423","420","257","6470","0.0","1","127","0"
"22:56:18:367 (H:m:s:ms)","22:56:19:0 (H:m:s:ms)","ABC","GENERIC","1","62.087","0.1386389344560069","893","261","7683","0.0","1","248","0"
"23:26:48:979 (H:m:s:ms)","23:26:50:0 (H:m:s:ms)","ABC","GENERIC","1","62.153","0.07339771748043222","1662","640","3292","0.0","1","369","0"
"22:28:45:306 (H:m:s:ms)","22:28:46:0 (H:m:s:ms)","ABC","GENERIC","1","62.111","0.11136875170603712","2009","1316","2018","0.0","1","128","0"
"22:57:6:666 (H:m:s:ms)","22:57:7:0 (H:m:s:ms)","ABC","AMBULANCE","1","31.061","0.13103105089347086","1871","1538","895","0.0","1","249","0"
"22:28:47:586 (H:m:s:ms)","22:28:48:0 (H:m:s:ms)","ABC","TRANSLATION","1","62.013","0.11522015301636515","1205","792","1550","0.0","1","129","0"
"22:2:4:137 (H:m:s:ms)","22:2:5:0 (H:m:s:ms)","ABC","TRANSLATION","1","31.008","0.10340930574994253","1780","917","1661","0.0","1","20","0"
"22:2:13:333 (H:m:s:ms)","22:2:14:0 (H:m:s:ms)","ABC","DISABLED","1","31.017","0.1085383537926099","1017","351","9207","0.0","1","21","0"
"22:2:14:693 (H:m:s:ms)","22:2:15:0 (H:m:s:ms)","ABC","GENERIC","1","31.055","0.11039759270215695","1649","1341","3066","0.0","1","22","0"
"22:2:24:827 (H:m:s:ms)","22:2:25:0 (H:m:s:ms)","ABC","TRANSLATION","1","31.008","0.11080959859971491","1475","1302","1082","0.0","1","23","0"
"22:2:26:938 (H:m:s:ms)","22:2:28:0 (H:m:s:ms)","ABC","GENERIC","1","31.04","0.1180899120973806","1469","408","3840","0.0","1","24","0"
"22:2:39:183 (H:m:s:ms)","22:2:40:0 (H:m:s:ms)","ABC","GENERIC","1","31.024","0.12042035381921185","1715","897","7568","0.0","1","25","0"
"22:2:45:517 (H:m:s:ms)","22:2:46:0 (H:m:s:ms)","ABC","TRANSLATION","1","31.007","0.121940404978143","1587","1104","1518","0.0","1","26","0"
"22:2:51:428 (H:m:s:ms)","22:2:52:0 (H:m:s:ms)","ABC","GENERIC","1","31.072","0.12537800486245546","1709","1137","2636","0.0","1","27","0"
"22:3:3:673 (H:m:s:ms)","22:3:4:0 (H:m:s:ms)","ABC","GENERIC","1","31.035","0.12919682173901836","1041","715","3008","0.0","1","28","0"
"22:3:6:206 (H:m:s:ms)","22:3:7:0 (H:m:s:ms)","ABC","TRANSLATION","1","31.007","0.12933314037969176","2094","1301","1565","0.0","1","29","0"
"23:26:53:877 (H:m:s:ms)","23:26:55:0 (H:m:s:ms)","ABC","GENERIC","1","62.077","0.07368493587422738","2174","1050","2804","0.0","1","370","0"
"22:58:15:918 (H:m:s:ms)","22:58:17:0 (H:m:s:ms)","ABC","GENERIC","1","62.085","0.11058777353712934","2138","1057","6831","0.0","1","250","0"
"23:27:26:666 (H:m:s:ms)","23:27:27:0 (H:m:s:ms)","ABC","DISABLED","1","62.049","0.06900925969356658","1076","743","6536","0.0","1","371","0"
"22:29:6:206 (H:m:s:ms)","22:29:7:0 (H:m:s:ms)","ABC","TRANSLATION","1","62.011","0.10480187431466459","1587","794","1085","0.0","1","130","0"
"22:58:26:938 (H:m:s:ms)","22:58:28:0 (H:m:s:ms)","ABC","GENERIC","1","62.079","0.11047081814381378","2213","1152","4925","0.0","1","251","0"
"23:27:35:172 (H:m:s:ms)","23:27:36:0 (H:m:s:ms)","ABC","TRANSLATION","1","62.015","0.07515728851353219","1607","780","1157","0.0","1","372","0"
"22:29:14:482 (H:m:s:ms)","22:29:15:0 (H:m:s:ms)","ABC","TRANSLATION","1","62.013","0.1060327269204912","1356","839","1039","0.0","1","131","0"
"22:58:33:333 (H:m:s:ms)","22:58:34:0 (H:m:s:ms)","ABC","DISABLED","1","62.083","0.1053380334780547","1520","854","8762","0.0","1","252","0"
"23:27:42:857 (H:m:s:ms)","23:27:43:0 (H:m:s:ms)","ABC","GENERIC","1","62.063","0.07799263830686227","610","468","4097","0.0","1","373","0"
"22:29:24:489 (H:m:s:ms)","22:29:25:0 (H:m:s:ms)","ABC","GENERIC","1","62.191","0.10806836555158622","1680","1169","4469","0.0","1","132","0"
"22:58:56:326 (H:m:s:ms)","22:58:57:0 (H:m:s:ms)","ABC","GENERIC","1","62.057","0.1030942764249703","1163","489","2550","0.0","1","253","0"
"23:28:13:469 (H:m:s:ms)","23:28:14:0 (H:m:s:ms)","ABC","GENERIC","1","62.067","0.0801295647992423","1424","894","2043","0.0","1","374","0"
"22:29:33:61 (H:m:s:ms)","22:29:34:0 (H:m:s:ms)","ABC","GENERIC","1","62.119","0.10853225082735586","1924","986","4858","0.0","1","133","0"
"22:59:6:206 (H:m:s:ms)","22:59:7:0 (H:m:s:ms)","ABC","TRANSLATION","1","62.011","0.1053357388077115","1614","821","1738","0.0","1","254","0"
"23:28:45:306 (H:m:s:ms)","23:28:46:0 (H:m:s:ms)","ABC","GENERIC","1","62.111","0.08220110379926895","1594","901","6053","0.0","1","375","0"
"22:29:43:448 (H:m:s:ms)","22:29:44:0 (H:m:s:ms)","ABC","TRANSLATION","1","62.011","0.10004223423355975","1626","1075","1255","0.0","1","134","0"
"22:59:26:896 (H:m:s:ms)","22:59:28:0 (H:m:s:ms)","ABC","TRANSLATION","1","62.013","0.08914447876829877","1948","845","1785","0.0","1","255","0"
"23:28:53:333 (H:m:s:ms)","23:28:54:0 (H:m:s:ms)","ABC","DISABLED","1","62.053","0.08695855911483187","1491","825","7682","0.0","1","376","0"
"22:29:51:428 (H:m:s:ms)","22:29:52:0 (H:m:s:ms)","ABC","GENERIC","1","62.141","0.09921917183804818","1934","1362","2538","0.0","1","135","0"
"22:59:28:163 (H:m:s:ms)","22:59:29:0 (H:m:s:ms)","ABC","GENERIC","1","62.047","0.08951531987476476","2028","1192","4350","0.0","1","256","0"
"23:28:53:333 (H:m:s:ms)","0","ABC","AMBULANCE","0","0","0","1491","0","776","0","0","377","0"
"22:29:57:551 (H:m:s:ms)","22:29:58:0 (H:m:s:ms)","ABC","GENERIC","1","62.087","0.09975812963129364","1757","1308","4066","0.0","1","136","0"
"22:59:29:387 (H:m:s:ms)","22:59:30:0 (H:m:s:ms)","ABC","GENERIC","1","62.127","0.09139421526137571","1607","992","2055","0.0","1","257","0"
"23:29:2:448 (H:m:s:ms)","23:29:3:0 (H:m:s:ms)","ABC","GENERIC","1","62.061","0.09453889536629684","1318","767","3188","0.0","1","378","0"
"22:30:13:333 (H:m:s:ms)","22:30:14:0 (H:m:s:ms)","ABC","DISABLED","1","62.031","0.10164082502759052","1358","692","8247","0.0","1","137","0"
"22:59:39:310 (H:m:s:ms)","22:59:40:0 (H:m:s:ms)","ABC","TRANSLATION","1","62.017","0.09306931992676822","1424","732","1276","0.0","1","258","0"
"23:29:4:137 (H:m:s:ms)","23:29:5:0 (H:m:s:ms)","ABC","TRANSLATION","1","62.013","0.09482653191752274","1922","1059","1418","0.0","1","379","0"
"22:30:17:142 (H:m:s:ms)","22:30:18:0 (H:m:s:ms)","ABC","GENERIC","1","62.071","0.10198325164230339","1884","1027","7373","0.0","1","138","0"
"22:59:40:0 (H:m:s:ms)","0","ABC","AMBULANCE","0","0","0","1735","0","790","0","0","259","0"
"22:30:20:0 (H:m:s:ms)","22:30:21:0 (H:m:s:ms)","ABC","DISABLED","1","62.055","0.10758963211139394","1254","252","8182","0.0","1","139","0"
"22:3:15:918 (H:m:s:ms)","22:3:17:0 (H:m:s:ms)","ABC","GENERIC","1","31.044","0.13237465738215337","1513","432","2071","0.0","1","30","0"
"22:3:20:0 (H:m:s:ms)","22:3:21:0 (H:m:s:ms)","ABC","DISABLED","1","31.029","0.1373883755572812","1351","351","5593","0.0","1","31","0"
"22:3:26:896 (H:m:s:ms)","22:3:27:0 (H:m:s:ms)","ABC","TRANSLATION","1","31.008","0.13888142320882743","786","683","1182","0.0","1","32","0"
"22:3:28:163 (H:m:s:ms)","22:3:29:0 (H:m:s:ms)","ABC","GENERIC","1","31.025","0.1407773103717008","1435","599","3730","0.0","1","33","0"
"22:3:40:408 (H:m:s:ms)","22:3:41:0 (H:m:s:ms)","ABC","GENERIC","1","31.049","0.141569015393482","1430","839","7183","0.0","1","34","0"
"22:3:47:586 (H:m:s:ms)","22:3:48:0 (H:m:s:ms)","ABC","TRANSLATION","1","31.008","0.14236744290969877","1290","877","1246","0.0","1","35","0"
"22:3:52:653 (H:m:s:ms)","22:3:53:0 (H:m:s:ms)","ABC","GENERIC","1","31.048","0.1429657400945706","1183","837","6500","0.0","1","36","0"
"22:4:4:897 (H:m:s:ms)","22:4:5:0 (H:m:s:ms)","ABC","GENERIC","1","31.067","0.14765370093066066","740","638","5374","0.0","1","37","0"
"22:4:8:275 (H:m:s:ms)","22:4:9:0 (H:m:s:ms)","ABC","TRANSLATION","1","31.014","0.14842880388557672","1755","1031","1592","0.0","1","38","0"
"22:4:17:142 (H:m:s:ms)","22:4:18:0 (H:m:s:ms)","ABC","GENERIC","1","31.038","0.1494284931208096","1782","925","6961","0.0","1","39","0"
"23:29:7:346 (H:m:s:ms)","23:29:8:0 (H:m:s:ms)","ABC","GENERIC","1","62.039","0.09667211435805904","1470","816","3756","0.0","1","380","0"
"23:0:34:285 (H:m:s:ms)","23:0:35:0 (H:m:s:ms)","ABC","GENERIC","1","62.107","0.07881892282845315","1533","818","3607","0.0","1","260","0"
"23:29:8:275 (H:m:s:ms)","23:29:9:0 (H:m:s:ms)","ABC","TRANSLATION","1","62.025","0.0977077160131108","1722","998","1578","0.0","1","381","0"
"22:30:20:816 (H:m:s:ms)","22:30:21:0 (H:m:s:ms)","ABC","GENERIC","1","62.077","0.1082089539109413","1575","1140","6678","0.0","1","140","0"
"23:0:39:183 (H:m:s:ms)","23:0:40:0 (H:m:s:ms)","ABC","GENERIC","1","62.045","0.0796731315128274","2035","1216","6640","0.0","1","261","0"
"23:29:18:620 (H:m:s:ms)","23:29:19:0 (H:m:s:ms)","ABC","TRANSLATION","1","62.015","0.10161430674541201","1177","798","1529","0.0","1","382","0"
"22:30:26:896 (H:m:s:ms)","22:30:28:0 (H:m:s:ms)","ABC","TRANSLATION","1","62.013","0.10911270391309087","1988","885","1979","0.0","1","141","0"
"23:0:45:306 (H:m:s:ms)","23:0:46:0 (H:m:s:ms)","ABC","GENERIC","1","62.111","0.08926815663198517","1000","307","7033","0.0","1","262","0"
"23:29:41:632 (H:m:s:ms)","23:29:42:0 (H:m:s:ms)","ABC","GENERIC","1","62.117","0.0979573191845808","709","342","5132","0.0","1","383","0"
"22:30:35:510 (H:m:s:ms)","22:30:36:0 (H:m:s:ms)","ABC","GENERIC","1","62.041","0.11625977253058227","1128","639","4800","0.0","1","142","0"
"23:0:50:204 (H:m:s:ms)","23:0:51:0 (H:m:s:ms)","ABC","GENERIC","1","62.121","0.09581380423930198","1533","738","5366","0.0","1","263","0"
"23:29:57:931 (H:m:s:ms)","23:29:59:0 (H:m:s:ms)","ABC","TRANSLATION","1","62.011","0.09183322902477972","2225","1157","1145","0.0","1","384","0"
"22:30:46:666 (H:m:s:ms)","22:30:47:0 (H:m:s:ms)","ABC","DISABLED","1","62.131","0.1156483688713469","1090","757","6152","0.0","1","143","0"
"23:1:2:68 (H:m:s:ms)","23:1:3:0 (H:m:s:ms)","ABC","TRANSLATION","1","62.013","0.09666765331632383","1828","897","1211","0.0","1","264","0"
"23:30:44:81 (H:m:s:ms)","23:30:45:0 (H:m:s:ms)","ABC","GENERIC","1","62.099","0.09593173396589107","1175","257","2184","0.0","1","385","0"
"22:31:0:0 (H:m:s:ms)","22:31:1:0 (H:m:s:ms)","ABC","DISABLED","1","62.041","0.11884124770963589","1486","485","8607","0.0","1","144","0"
"23:1:2:448 (H:m:s:ms)","23:1:3:0 (H:m:s:ms)","ABC","GENERIC","1","62.061","0.1013712000620371","2124","676","2578","0.0","1","265","0"
"23:31:20:0 (H:m:s:ms)","23:31:21:0 (H:m:s:ms)","ABC","DISABLED","1","62.053","0.1057259205768853","1255","253","8994","0.0","1","386","0"
"22:31:9:795 (H:m:s:ms)","22:31:10:0 (H:m:s:ms)","ABC","GENERIC","1","62.085","0.12641578499851164","743","537","7378","0.0","1","145","0"
"23:1:18:620 (H:m:s:ms)","23:1:19:0 (H:m:s:ms)","ABC","TRANSLATION","1","62.015","0.1018343030499913","1323","944","1085","0.0","1","266","0"
"23:31:22:758 (H:m:s:ms)","23:31:23:0 (H:m:s:ms)","ABC","TRANSLATION","1","62.025","0.10740363694491156","1419","1178","1801","0.0","1","387","0"
"22:31:28:163 (H:m:s:ms)","22:31:29:0 (H:m:s:ms)","ABC","GENERIC","1","62.047","0.12828785870350629","1120","284","4765","0.0","1","146","0"
"23:1:26:666 (H:m:s:ms)","23:1:27:0 (H:m:s:ms)","ABC","DISABLED","1","62.049","0.10029164878559975","997","664","5053","0.0","1","267","0"
"23:31:45:517 (H:m:s:ms)","23:31:46:0 (H:m:s:ms)","ABC","TRANSLATION","1","62.011","0.10422760275098086","1766","1284","1543","0.0","1","388","0"
"22:31:30:612 (H:m:s:ms)","22:31:31:0 (H:m:s:ms)","ABC","GENERIC","1","62.079","0.12952087595585637","1150","763","4853","0.0","1","147","0"
"23:1:51:724 (H:m:s:ms)","23:1:52:0 (H:m:s:ms)","ABC","TRANSLATION","1","62.011","0.10223401829836874","1011","736","1657","0.0","1","268","0"
"23:32:0:0 (H:m:s:ms)","23:32:1:0 (H:m:s:ms)","ABC","TRANSLATION","1","62.015","0.10043036083228969","1866","864","1075","0.0","1","389","0"
"22:31:31:34 (H:m:s:ms)","22:31:32:0 (H:m:s:ms)","ABC","TRANSLATION","1","62.015","0.13129448346679004","1672","707","1422","0.0","1","148","0"
"23:2:8:275 (H:m:s:ms)","23:2:9:0 (H:m:s:ms)","ABC","TRANSLATION","1","62.025","0.10198572983569766","1756","1032","1363","0.0","1","269","0"
"22:31:33:333 (H:m:s:ms)","22:31:34:0 (H:m:s:ms)","ABC","DISABLED","1","62.083","0.13498502018560943","923","257","6250","0.0","1","149","0"
"22:4:26:666 (H:m:s:ms)","22:4:27:0 (H:m:s:ms)","ABC","DISABLED","1","31.026","0.1517359696106067","664","331","8347","0.0","1","40","0"
"22:4:28:965 (H:m:s:ms)","22:4:30:0 (H:m:s:ms)","ABC","TRANSLATION","1","31.008","0.15346407174747365","1884","847","1781","0.0","1","41","0"
"22:4:29:387 (H:m:s:ms)","22:4:30:0 (H:m:s:ms)","ABC","GENERIC","1","31.065","0.1539853435158912","2276","814","4172","0.0","1","42","0"
"22:4:41:632 (H:m:s:ms)","22:4:42:0 (H:m:s:ms)","ABC","GENERIC","1","31.06","0.15636208404650734","975","608","5131","0.0","1","43","0"
"22:4:49:655 (H:m:s:ms)","22:4:50:0 (H:m:s:ms)","ABC","TRANSLATION","1","31.008","0.1566066665302075","1468","1122","1602","0.0","1","44","0"
"22:4:53:877 (H:m:s:ms)","22:4:54:0 (H:m:s:ms)","ABC","GENERIC","1","31.04","0.15777519541687068","1044","922","7371","0.0","1","45","0"
"22:5:6:122 (H:m:s:ms)","22:5:7:0 (H:m:s:ms)","ABC","GENERIC","1","31.048","0.15645146180205532","1293","415","7710","0.0","1","46","0"
"22:5:10:344 (H:m:s:ms)","22:5:11:0 (H:m:s:ms)","ABC","TRANSLATION","1","31.008","0.15713205635167718","1470","814","1962","0.0","1","47","0"
"22:5:18:367 (H:m:s:ms)","22:5:19:0 (H:m:s:ms)","ABC","GENERIC","1","31.045","0.15846940970314227","1053","421","5235","0.0","1","48","0"
"22:5:30:612 (H:m:s:ms)","22:5:31:0 (H:m:s:ms)","ABC","GENERIC","1","31.041","0.1600203797545955","657","270","7060","0.0","1","49","0"
"23:32:1:224 (H:m:s:ms)","23:32:2:0 (H:m:s:ms)","ABC","GENERIC","1","62.039","0.10079320666560013","2171","1396","5594","0.0","1","390","0"
"23:2:24:489 (H:m:s:ms)","23:2:25:0 (H:m:s:ms)","ABC","GENERIC","1","62.191","0.10970770861292424","1301","791","7957","0.0","1","270","0"
"23:32:2:68 (H:m:s:ms)","23:32:3:0 (H:m:s:ms)","ABC","TRANSLATION","1","62.013","0.10156536994687312","2198","1267","1442","0.0","1","391","0"
"22:31:40:0 (H:m:s:ms)","22:31:41:0 (H:m:s:ms)","ABC","DISABLED","1","62.115","0.14221625089095347","1279","278","7272","0.0","1","150","0"
"23:2:53:793 (H:m:s:ms)","23:2:54:0 (H:m:s:ms)","ABC","TRANSLATION","1","62.015","0.11044267478344669","1234","1028","1995","0.0","1","271","0"
"23:32:20:816 (H:m:s:ms)","23:32:21:0 (H:m:s:ms)","ABC","GENERIC","1","62.077","0.10814374375316796","536","353","7728","0.0","1","392","0"
"22:31:41:379 (H:m:s:ms)","22:31:42:0 (H:m:s:ms)","ABC","TRANSLATION","1","62.017","0.14345891795915613","1405","784","1178","0.0","1","151","0"
"23:3:1:224 (H:m:s:ms)","23:3:2:0 (H:m:s:ms)","ABC","GENERIC","1","62.039","0.11132241567919339","1681","906","2911","0.0","1","272","0"
"23:32:34:285 (H:m:s:ms)","23:32:35:0 (H:m:s:ms)","ABC","GENERIC","1","62.107","0.1095988134033294","1168","454","2839","0.0","1","393","0"
"22:31:58:775 (H:m:s:ms)","22:31:59:0 (H:m:s:ms)","ABC","GENERIC","1","62.107","0.14570177160505024","512","288","6157","0.0","1","152","0"
"23:3:13:469 (H:m:s:ms)","23:3:14:0 (H:m:s:ms)","ABC","GENERIC","1","62.067","0.11232059117578035","1304","774","3167","0.0","1","273","0"
"23:32:51:428 (H:m:s:ms)","23:32:52:0 (H:m:s:ms)","ABC","GENERIC","1","62.141","0.10485900211515749","1880","1309","7366","0.0","1","394","0"
"22:32:0:0 (H:m:s:ms)","22:32:1:0 (H:m:s:ms)","ABC","TRANSLATION","1","62.011","0.14617124093113265","1904","902","1796","0.0","1","153","0"
"23:3:48:979 (H:m:s:ms)","23:3:50:0 (H:m:s:ms)","ABC","GENERIC","1","62.153","0.11044195558686962","1967","945","3985","0.0","1","274","0"
"23:32:56:326 (H:m:s:ms)","23:32:57:0 (H:m:s:ms)","ABC","GENERIC","1","62.057","0.11229121474020981","957","284","2131","0.0","1","395","0"
"22:32:10:344 (H:m:s:ms)","22:32:11:0 (H:m:s:ms)","ABC","TRANSLATION","1","62.013","0.14675964141179237","1315","660","1992","0.0","1","154","0"
"23:3:53:333 (H:m:s:ms)","0","ABC","AMBULANCE","0","0","0","666","0","552","0","0","275","0"
"23:33:20:689 (H:m:s:ms)","23:33:21:0 (H:m:s:ms)","ABC","TRANSLATION","1","62.011","0.11441148226518767","1152","841","1235","0.0","1","396","0"
"22:32:19:591 (H:m:s:ms)","22:32:20:0 (H:m:s:ms)","ABC","GENERIC","1","62.111","0.14864986906747432","690","280","5538","0.0","1","155","0"
"23:4:11:20 (H:m:s:ms)","23:4:12:0 (H:m:s:ms)","ABC","GENERIC","1","62.119","0.10762935962094548","1270","291","7289","0.0","1","276","0"
"23:34:4:897 (H:m:s:ms)","23:34:6:0 (H:m:s:ms)","ABC","GENERIC","1","62.131","0.11163397036792219","1695","593","2990","0.0","1","397","0"
"22:32:33:103 (H:m:s:ms)","22:32:34:0 (H:m:s:ms)","ABC","TRANSLATION","1","62.013","0.14869910587806578","2034","1138","1354","0.0","1","156","0"
"23:4:13:333 (H:m:s:ms)","0","ABC","AMBULANCE","0","0","0","666","0","660","0","0","277","0"
"23:34:24:489 (H:m:s:ms)","23:34:25:0 (H:m:s:ms)","ABC","GENERIC","1","62.191","0.11215100108778715","768","258","5379","0.0","1","398","0"
"22:32:34:285 (H:m:s:ms)","22:32:35:0 (H:m:s:ms)","ABC","GENERIC","1","62.109","0.15177339881561785","998","284","4948","0.0","1","157","0"
"23:4:20:816 (H:m:s:ms)","23:4:21:0 (H:m:s:ms)","ABC","GENERIC","1","62.077","0.11141345879731646","476","293","7340","0.0","1","278","0"
"23:34:24:827 (H:m:s:ms)","23:34:25:0 (H:m:s:ms)","ABC","TRANSLATION","1","62.013","0.11251617013313449","1743","1313","1849","0.0","1","399","0"
"22:33:14:693 (H:m:s:ms)","22:33:15:0 (H:m:s:ms)","ABC","GENERIC","1","62.107","0.14485367859740908","890","583","6349","0.0","1","158","0"
"23:4:22:758 (H:m:s:ms)","23:4:23:0 (H:m:s:ms)","ABC","TRANSLATION","1","62.025","0.11227881386146356","1155","914","1360","0.0","1","279","0"
"22:33:26:666 (H:m:s:ms)","22:33:27:0 (H:m:s:ms)","ABC","DISABLED","1","62.047","0.14450363818179954","876","542","6433","0.0","1","159","0"
"22:5:31:34 (H:m:s:ms)","22:5:32:0 (H:m:s:ms)","ABC","TRANSLATION","1","31.009","0.16051223263361875","1741","775","1486","0.0","1","50","0"
"22:5:33:333 (H:m:s:ms)","22:5:34:0 (H:m:s:ms)","ABC","DISABLED","1","31.043","0.16331547343750755","906","239","5744","0.0","1","51","0"
"22:5:42:857 (H:m:s:ms)","22:5:43:0 (H:m:s:ms)","ABC","GENERIC","1","31.033","0.15825121577525747","984","842","3595","0.0","1","52","0"
"22:5:51:724 (H:m:s:ms)","22:5:52:0 (H:m:s:ms)","ABC","TRANSLATION","1","31.007","0.15977206413726133","1048","773","1979","0.0","1","53","0"
"22:5:55:102 (H:m:s:ms)","22:5:56:0 (H:m:s:ms)","ABC","GENERIC","1","31.046","0.16013666741966334","1798","901","3927","0.0","1","54","0"
"22:6:7:346 (H:m:s:ms)","22:6:8:0 (H:m:s:ms)","ABC","GENERIC","1","31.021","0.15759110755397715","1252","599","4704","0.0","1","55","0"
"22:6:12:413 (H:m:s:ms)","22:6:13:0 (H:m:s:ms)","ABC","TRANSLATION","1","31.009","0.15915936657816793","1326","740","1517","0.0","1","56","0"
"22:6:19:591 (H:m:s:ms)","22:6:20:0 (H:m:s:ms)","ABC","GENERIC","1","31.057","0.157062294942685","1498","1087","3304","0.0","1","57","0"
"22:6:31:836 (H:m:s:ms)","22:6:32:0 (H:m:s:ms)","ABC","GENERIC","1","31.021","0.15948017919643054","400","237","2670","0.0","1","58","0"
"22:6:33:103 (H:m:s:ms)","22:6:34:0 (H:m:s:ms)","ABC","TRANSLATION","1","31.008","0.1598482673444623","1613","717","1303","0.0","1","59","0"
"23:4:31:34 (H:m:s:ms)","23:4:32:0 (H:m:s:ms)","ABC","TRANSLATION","1","62.015","0.10710176156667643","1814","849","1578","0.0","1","280","0"
"22:33:47:755 (H:m:s:ms)","22:33:48:0 (H:m:s:ms)","ABC","GENERIC","1","62.033","0.14234859606073694","558","314","3156","0.0","1","160","0"
"23:4:35:172 (H:m:s:ms)","23:4:36:0 (H:m:s:ms)","ABC","TRANSLATION","1","62.015","0.10731158295953518","1844","1017","1722","0.0","1","281","0"
"22:33:56:326 (H:m:s:ms)","22:33:57:0 (H:m:s:ms)","ABC","GENERIC","1","62.057","0.13991312088302232","1707","1034","4152","0.0","1","161","0"
"23:4:57:931 (H:m:s:ms)","23:4:59:0 (H:m:s:ms)","ABC","TRANSLATION","1","62.011","0.10767194034929925","1954","886","1336","0.0","1","282","0"
"22:34:12:413 (H:m:s:ms)","22:34:13:0 (H:m:s:ms)","ABC","TRANSLATION","1","62.015","0.13968539708866587","1804","1218","1980","0.0","1","162","0"
"23:5:26:666 (H:m:s:ms)","23:5:27:0 (H:m:s:ms)","ABC","AMBULANCE","1","31.046","0.10791447665777863","1232","899","826","0.0","1","283","0"
"22:34:18:620 (H:m:s:ms)","22:34:19:0 (H:m:s:ms)","ABC","TRANSLATION","1","62.015","0.1421099779239021","1214","835","1394","0.0","1","163","0"
"23:5:33:61 (H:m:s:ms)","23:5:34:0 (H:m:s:ms)","ABC","GENERIC","1","62.119","0.10839451114986218","1784","846","3675","0.0","1","284","0"
"22:34:42:857 (H:m:s:ms)","22:34:43:0 (H:m:s:ms)","ABC","GENERIC","1","62.063","0.14347736072113676","743","601","5840","0.0","1","164","0"
"23:5:42:857 (H:m:s:ms)","23:5:43:0 (H:m:s:ms)","ABC","GENERIC","1","62.063","0.11202660359645379","439","297","6474","0.0","1","285","0"
"22:34:48:979 (H:m:s:ms)","22:34:50:0 (H:m:s:ms)","ABC","GENERIC","1","62.153","0.1492744782294807","1447","426","2427","0.0","1","165","0"
"23:6:14:482 (H:m:s:ms)","23:6:15:0 (H:m:s:ms)","ABC","TRANSLATION","1","62.013","0.09541771765231495","1363","846","1150","0.0","1","286","0"
"22:34:55:102 (H:m:s:ms)","22:34:56:0 (H:m:s:ms)","ABC","GENERIC","1","62.089","0.1501836183983916","1582","684","2815","0.0","1","166","0"
"23:6:20:0 (H:m:s:ms)","23:6:21:0 (H:m:s:ms)","ABC","DISABLED","1","62.055","0.09983797152850722","2974","749","6015","0.0","1","287","0"
"22:35:2:448 (H:m:s:ms)","22:35:3:0 (H:m:s:ms)","ABC","GENERIC","1","62.061","0.1534050293772182","866","315","6353","0.0","1","167","0"
"23:6:20:689 (H:m:s:ms)","23:6:21:0 (H:m:s:ms)","ABC","TRANSLATION","1","62.011","0.09540275181269696","1533","1223","1140","0.0","1","288","0"
"22:35:4:897 (H:m:s:ms)","22:35:6:0 (H:m:s:ms)","ABC","GENERIC","1","62.135","0.15844374289764346","1587","484","4453","0.0","1","168","0"
"23:6:40:0 (H:m:s:ms)","23:6:41:0 (H:m:s:ms)","ABC","DISABLED","1","62.117","0.09933117274806134","1678","677","8871","0.0","1","289","0"
"22:35:13:333 (H:m:s:ms)","22:35:14:0 (H:m:s:ms)","ABC","AMBULANCE","1","31.03","0.15848639902829703","2095","1429","701","0.0","1","169","0"
"22:6:40:0 (H:m:s:ms)","22:6:41:0 (H:m:s:ms)","ABC","DISABLED","1","31.06","0.16282357238057718","1235","235","7529","0.0","1","60","0"
"22:6:44:81 (H:m:s:ms)","22:6:45:0 (H:m:s:ms)","ABC","GENERIC","1","31.051","0.1638698980222472","1532","613","3640","0.0","1","61","0"
"22:6:53:793 (H:m:s:ms)","22:6:54:0 (H:m:s:ms)","ABC","TRANSLATION","1","31.009","0.16055874973917547","1024","818","1046","0.0","1","62","0"
"22:6:56:326 (H:m:s:ms)","22:6:57:0 (H:m:s:ms)","ABC","GENERIC","1","31.03","0.16448304481414738","908","235","2578","0.0","1","63","0"
"22:7:8:571 (H:m:s:ms)","22:7:9:0 (H:m:s:ms)","ABC","GENERIC","1","31.021","0.1644033356306479","994","566","3742","0.0","1","64","0"
"22:7:14:482 (H:m:s:ms)","22:7:15:0 (H:m:s:ms)","ABC","TRANSLATION","1","31.008","0.16208128018131282","1632","1115","1861","0.0","1","65","0"
"22:7:20:816 (H:m:s:ms)","22:7:21:0 (H:m:s:ms)","ABC","GENERIC","1","31.04","0.16534181063855305","719","536","6596","0.0","1","66","0"
"22:7:33:61 (H:m:s:ms)","22:7:34:0 (H:m:s:ms)","ABC","GENERIC","1","31.061","0.1608674137423784","1801","863","3703","0.0","1","67","0"
"22:7:35:172 (H:m:s:ms)","22:7:36:0 (H:m:s:ms)","ABC","TRANSLATION","1","31.009","0.16325681367163303","1459","631","1813","0.0","1","68","0"
"22:7:45:306 (H:m:s:ms)","22:7:46:0 (H:m:s:ms)","ABC","GENERIC","1","31.057","0.1619414850208443","1490","797","4366","0.0","1","69","0"
"23:6:44:81 (H:m:s:ms)","23:6:45:0 (H:m:s:ms)","ABC","GENERIC","1","62.099","0.10117950677771817","1990","1071","7622","0.0","1","290","0"
"22:35:22:40 (H:m:s:ms)","22:35:23:0 (H:m:s:ms)","ABC","GENERIC","1","62.067","0.15712660729506367","1250","291","6417","0.0","1","170","0"
"23:6:53:877 (H:m:s:ms)","23:6:55:0 (H:m:s:ms)","ABC","GENERIC","1","62.077","0.10004597641250915","2211","1088","6674","0.0","1","291","0"
"22:35:46:530 (H:m:s:ms)","22:35:47:0 (H:m:s:ms)","ABC","GENERIC","1","62.127","0.15162184359166797","1921","1452","4607","0.0","1","171","0"
"23:7:4:897 (H:m:s:ms)","23:7:6:0 (H:m:s:ms)","ABC","GENERIC","1","62.131","0.10054221410324497","2441","1339","5621","0.0","1","292","0"
"22:35:53:333 (H:m:s:ms)","22:35:54:0 (H:m:s:ms)","ABC","DISABLED","1","62.053","0.15222231214336282","1443","777","6754","0.0","1","172","0"
"23:7:24:827 (H:m:s:ms)","23:7:25:0 (H:m:s:ms)","ABC","TRANSLATION","1","62.013","0.10208039390989884","1058","885","1249","0.0","1","293","0"
"22:35:55:862 (H:m:s:ms)","22:35:56:0 (H:m:s:ms)","ABC","TRANSLATION","1","62.013","0.15261592150416503","1004","866","1081","0.0","1","173","0"
"23:7:45:517 (H:m:s:ms)","23:7:46:0 (H:m:s:ms)","ABC","TRANSLATION","1","62.011","0.10281141340148386","1290","808","1350","0.0","1","294","0"
"22:36:6:666 (H:m:s:ms)","22:36:7:0 (H:m:s:ms)","ABC","DISABLED","1","62.081","0.15337036161503523","621","288","9927","0.0","1","174","0"
"23:7:53:333 (H:m:s:ms)","23:7:54:0 (H:m:s:ms)","ABC","DISABLED","1","62.053","0.10933549962410732","917","251","7658","0.0","1","295","0"
"22:36:35:172 (H:m:s:ms)","22:36:36:0 (H:m:s:ms)","ABC","TRANSLATION","1","62.015","0.13349988649001435","2163","1335","1117","0.0","1","175","0"
"23:8:4:137 (H:m:s:ms)","23:8:5:0 (H:m:s:ms)","ABC","TRANSLATION","1","62.013","0.10784733312697166","2224","1361","1203","0.0","1","296","0"
"22:36:57:931 (H:m:s:ms)","22:36:59:0 (H:m:s:ms)","ABC","TRANSLATION","1","62.011","0.12607826107702924","1797","729","1881","0.0","1","176","0"
"23:8:28:965 (H:m:s:ms)","23:8:30:0 (H:m:s:ms)","ABC","TRANSLATION","1","62.013","0.10690541033659733","2384","1348","1268","0.0","1","297","0"
"22:37:2:68 (H:m:s:ms)","22:37:3:0 (H:m:s:ms)","ABC","TRANSLATION","1","62.013","0.12310633602752467","1851","920","1257","0.0","1","177","0"
"23:8:41:379 (H:m:s:ms)","23:8:42:0 (H:m:s:ms)","ABC","TRANSLATION","1","62.017","0.10753842108099185","1703","1083","1665","0.0","1","298","0"
"22:37:12:244 (H:m:s:ms)","22:37:13:0 (H:m:s:ms)","ABC","GENERIC","1","62.107","0.12252430663096077","1735","980","6390","0.0","1","178","0"
"23:8:41:632 (H:m:s:ms)","23:8:42:0 (H:m:s:ms)","ABC","GENERIC","1","62.117","0.11008653174417049","2144","694","7448","0.0","1","299","0"
"22:37:28:965 (H:m:s:ms)","22:37:30:0 (H:m:s:ms)","ABC","TRANSLATION","1","62.013","0.11960018291397147","1922","886","1899","0.0","1","179","0"
"22:7:46:666 (H:m:s:ms)","22:7:47:0 (H:m:s:ms)","ABC","DISABLED","1","31.067","0.15963773367673992","1142","809","6856","0.0","1","70","0"
"22:7:55:862 (H:m:s:ms)","22:7:56:0 (H:m:s:ms)","ABC","TRANSLATION","1","31.008","0.15951515775240588","1167","1030","1023","0.0","1","71","0"
"22:7:57:551 (H:m:s:ms)","22:7:58:0 (H:m:s:ms)","ABC","GENERIC","1","31.045","0.16204499143839338","957","509","2519","0.0","1","72","0"
"22:8:9:795 (H:m:s:ms)","22:8:10:0 (H:m:s:ms)","ABC","GENERIC","1","31.044","0.16163655910122102","836","630","7690","0.0","1","73","0"
"22:8:16:551 (H:m:s:ms)","22:8:17:0 (H:m:s:ms)","ABC","TRANSLATION","1","31.008","0.16178151020507667","1447","999","1431","0.0","1","74","0"
"22:8:22:40 (H:m:s:ms)","22:8:23:0 (H:m:s:ms)","ABC","GENERIC","1","31.035","0.15854815646569428","1340","381","7718","0.0","1","75","0"
"22:8:34:285 (H:m:s:ms)","22:8:35:0 (H:m:s:ms)","ABC","GENERIC","1","31.055","0.15855247659224417","1022","307","4129","0.0","1","76","0"
"22:8:37:241 (H:m:s:ms)","22:8:38:0 (H:m:s:ms)","ABC","TRANSLATION","1","31.012","0.15898247803804216","1516","758","1654","0.0","1","77","0"
"22:8:46:530 (H:m:s:ms)","22:8:47:0 (H:m:s:ms)","ABC","GENERIC","1","31.065","0.1585968514711061","1610","1141","7865","0.0","1","78","0"
"22:8:53:333 (H:m:s:ms)","22:8:54:0 (H:m:s:ms)","ABC","DISABLED","1","31.028","0.16165453054349904","912","246","5606","0.0","1","79","0"
"22:37:39:310 (H:m:s:ms)","22:37:40:0 (H:m:s:ms)","ABC","TRANSLATION","1","62.017","0.1167355861682166","1685","995","1310","0.0","1","180","0"
"22:37:45:517 (H:m:s:ms)","22:37:46:0 (H:m:s:ms)","ABC","TRANSLATION","1","62.011","0.11992368364419642","1258","776","1829","0.0","1","181","0"
"22:38:8:275 (H:m:s:ms)","22:38:9:0 (H:m:s:ms)","ABC","TRANSLATION","1","62.025","0.12136819380782149","1573","849","1247","0.0","1","182","0"
"22:38:18:367 (H:m:s:ms)","22:38:19:0 (H:m:s:ms)","ABC","GENERIC","1","62.087","0.11934086313842462","1806","1173","2201","0.0","1","183","0"
"22:38:33:333 (H:m:s:ms)","22:38:34:0 (H:m:s:ms)","ABC","AMBULANCE","1","31.054","0.11678335628542909","1991","1325","769","0.0","1","184","0"
"22:38:51:724 (H:m:s:ms)","22:38:52:0 (H:m:s:ms)","ABC","TRANSLATION","1","62.011","0.11286614609529212","1273","998","1111","0.0","1","185","0"
"22:39:15:918 (H:m:s:ms)","22:39:17:0 (H:m:s:ms)","ABC","GENERIC","1","62.085","0.11447003223177216","1787","706","3862","0.0","1","186","0"
"22:39:50:204 (H:m:s:ms)","22:39:51:0 (H:m:s:ms)","ABC","GENERIC","1","62.121","0.1104317378329535","1482","687","4511","0.0","1","187","0"
"22:40:0:0 (H:m:s:ms)","0","ABC","TRANSLATION","0","0","0","2447","0","1537","0","0","188","0"
"22:40:11:20 (H:m:s:ms)","22:40:12:0 (H:m:s:ms)","ABC","GENERIC","1","62.119","0.09725199323659839","2039","1060","3626","0.0","1","189","0"
"22:8:57:931 (H:m:s:ms)","22:8:59:0 (H:m:s:ms)","ABC","TRANSLATION","1","31.007","0.16195199628512716","2105","1036","1328","0.0","1","80","0"
"22:8:58:775 (H:m:s:ms)","22:8:59:0 (H:m:s:ms)","ABC","GENERIC","1","31.055","0.16385405652472076","1848","588","3713","0.0","1","81","0"
"22:9:11:20 (H:m:s:ms)","22:9:12:0 (H:m:s:ms)","ABC","GENERIC","1","31.061","0.15982032965242932","1869","890","7298","0.0","1","82","0"
"22:9:18:620 (H:m:s:ms)","22:9:19:0 (H:m:s:ms)","ABC","TRANSLATION","1","31.009","0.15932443002539656","1381","1002","1208","0.0","1","83","0"
"22:9:23:265 (H:m:s:ms)","22:9:24:0 (H:m:s:ms)","ABC","GENERIC","1","31.039","0.16396957767236803","1107","373","3961","0.0","1","84","0"
"22:9:35:510 (H:m:s:ms)","22:9:36:0 (H:m:s:ms)","ABC","GENERIC","1","31.022","0.16245761087901206","1267","777","4984","0.0","1","85","0"
"22:9:39:310 (H:m:s:ms)","22:9:40:0 (H:m:s:ms)","ABC","TRANSLATION","1","31.01","0.16295806604275534","1340","649","1355","0.0","1","86","0"
"22:9:47:755 (H:m:s:ms)","22:9:48:0 (H:m:s:ms)","ABC","GENERIC","1","31.018","0.16512202616451116","491","247","3862","0.0","1","87","0"
"22:10:0:0 (H:m:s:ms)","22:10:1:0 (H:m:s:ms)","ABC","TRANSLATION","1","31.007","0.16438847378663943","1628","628","1745","0.0","1","88","0"
"22:10:0:0 (H:m:s:ms)","22:10:1:0 (H:m:s:ms)","ABC","GENERIC","1","31.039","0.1674732116950276","2355","726","3546","0.0","1","89","0"
"22:42:4:137 (H:m:s:ms)","22:42:5:0 (H:m:s:ms)","ABC","TRANSLATION","1","62.013","0.07375895005384546","2269","1406","1676","0.0","1","190","0"
"22:42:25:714 (H:m:s:ms)","22:42:26:0 (H:m:s:ms)","ABC","GENERIC","1","62.127","0.0738962079152848","1603","1318","6408","0.0","1","191","0"
"22:42:29:387 (H:m:s:ms)","22:42:30:0 (H:m:s:ms)","ABC","GENERIC","1","62.127","0.07538670333220719","2061","1445","2019","0.0","1","192","0"
"22:43:1:224 (H:m:s:ms)","22:43:2:0 (H:m:s:ms)","ABC","GENERIC","1","62.039","0.07130749359097506","1687","912","3186","0.0","1","193","0"
"22:43:13:469 (H:m:s:ms)","22:43:14:0 (H:m:s:ms)","ABC","GENERIC","1","62.067","0.07380857071853725","833","302","7298","0.0","1","194","0"
"22:43:53:877 (H:m:s:ms)","22:43:55:0 (H:m:s:ms)","ABC","GENERIC","1","62.077","0.07337558291277974","2036","914","7207","0.0","1","195","0"
"22:44:22:758 (H:m:s:ms)","22:44:23:0 (H:m:s:ms)","ABC","TRANSLATION","1","62.025","0.06898123007862796","1653","1412","1115","0.0","1","196","0"
"22:44:36:734 (H:m:s:ms)","22:44:37:0 (H:m:s:ms)","ABC","GENERIC","1","62.059","0.07877957412292029","530","265","2740","0.0","1","197","0"
"22:44:41:632 (H:m:s:ms)","22:44:42:0 (H:m:s:ms)","ABC","GENERIC","1","62.117","0.0851457967916938","1121","754","4665","0.0","1","198","0"
"22:45:0:0 (H:m:s:ms)","0","ABC","AMBULANCE","0","0","0","1029","0","768","0","0","199","0"
"22:10:0:0 (H:m:s:ms)","22:10:1:0 (H:m:s:ms)","ABC","DISABLED","1","31.021","0.17226064360122545","2720","366","7692","0.0","1","90","0"
"22:13:13:469 (H:m:s:ms)","22:13:14:0 (H:m:s:ms)","ABC","GENERIC","1","62.067","0.11551003138595771","1706","1175","4092","0.0","1","91","0"
"22:13:24:489 (H:m:s:ms)","22:13:25:0 (H:m:s:ms)","ABC","GENERIC","1","62.191","0.11611914442236246","1011","500","2371","0.0","1","92","0"
"22:14:48:979 (H:m:s:ms)","22:14:50:0 (H:m:s:ms)","ABC","GENERIC","1","62.153","0.07213085290719216","2107","1085","2950","0.0","1","93","0"
"22:17:25:714 (H:m:s:ms)","22:17:26:0 (H:m:s:ms)","ABC","GENERIC","1","62.127","0.051632797311433415","1402","1116","4891","0.0","1","94","0"
"22:17:36:734 (H:m:s:ms)","22:17:37:0 (H:m:s:ms)","ABC","GENERIC","1","62.059","0.06422072052948263","532","266","7700","0.0","1","95","0"
"22:18:20:689 (H:m:s:ms)","22:18:21:0 (H:m:s:ms)","ABC","TRANSLATION","1","62.011","0.06520187120671404","1503","1193","1374","0.0","1","96","0"
"22:18:53:877 (H:m:s:ms)","22:18:55:0 (H:m:s:ms)","ABC","GENERIC","1","62.077","0.07035584029716925","1382","260","6547","0.0","1","97","0"
"22:19:28:965 (H:m:s:ms)","22:19:30:0 (H:m:s:ms)","ABC","TRANSLATION","1","62.013","0.0711735844626671","2316","1281","1217","0.0","1","98","0"
"22:20:0:0 (H:m:s:ms)","0","ABC","TRANSLATION","0","0","0","2482","0","1731","0","0","99","0"
